energy_eV,sample_background_counts_fit,ob_background_counts_fit
0.0300411765496,375.699582714,428.42142536
0.030156572073,373.336250101,425.943828078
0.030272410859,371.048938718,423.54300192
0.0303886946101,368.835494118,421.216874348
0.0305054250356,366.693837177,418.963441596
0.0306226038513,364.621960931,416.780765916
0.0307402327795,362.617927553,414.666972936
0.0308583135493,360.679865475,412.620249146
0.0309768478963,358.80596664,410.638839484
0.0310958375628,356.994483879,408.721045039
0.0312152842977,355.243728413,406.865220843
0.0313351898569,353.552067461,405.069773767
0.0314555560026,351.917921962,403.333160503
0.0315763845043,350.339764397,401.653885635
0.0316976771378,348.816116708,400.030499792
0.0318194356861,347.345548309,398.461597882
0.0319416619388,345.92667419,396.945817396
0.0320643576925,344.558153099,395.481836786
0.0321875247507,343.238685806,394.068373916
0.0323111649238,341.967013443,392.704184568
0.032435280029,340.741915917,391.388061021
0.0325598718908,339.562210391,390.118830681
0.0326849423405,338.426749831,388.895354769
0.0328104932165,337.334421614,387.716527072
0.0329365263641,336.284146197,386.581272729
0.033063043636,335.274875844,385.488547081
0.0331900468917,334.305593405,384.437334562
0.033317537998,333.375311145,383.426647635
0.033445518829,332.483069626,382.455525771
0.0335739912657,331.627936638,381.523034471
0.0337029571965,330.809006163,380.628264323
0.0338324185171,330.0253974,379.770330105
0.0339623771303,329.276253812,378.948369914
0.0340928349464,328.560742228,378.161544336
0.034223793883,327.87805197,377.409035645
0.034355255865,327.227394024,376.69004704
0.0344872228246,326.608000243,376.003801904
0.0346196967017,326.019122579,375.349543096
0.0347526794434,325.46003235,374.726532272
0.0348861730045,324.930019535,374.134049232
0.035020179347,324.428392101,373.571391288
0.0351547004408,323.95447535,373.037872663
0.035289738263,323.507611299,372.53282391
0.0354252947987,323.087158085,372.055591353
0.0355613720402,322.692489386,371.605536552
0.0356979719877,322.322993874,371.182035783
0.0358350966492,321.978074688,370.784479549
0.03597274804,321.657148924,370.412272095
0.0361109281837,321.359647146,370.064830958
0.0362496391111,321.085012923,369.741586516
0.0363888828612,320.832702376,369.441981572
0.0365286614807,320.602183749,369.165470942
0.0366689770241,320.392936993,368.911521063
0.0368098315539,320.204453367,368.679609615
0.0369512271405,320.036235058,368.469225159
0.0370931658622,319.887794813,368.279866788
0.0372356498053,319.758655587,368.111043788
0.0373786810642,319.648350202,367.962275317
0.0375222617412,319.556421024,367.833090094
0.0376663939468,319.482419651,367.7230261
0.0378110797995,319.42590661,367.631630288
0.0379563214261,319.38645107,367.558458309
0.0381021209613,319.363630569,367.503074244
0.0382484805483,319.357030741,367.465050348
0.0383954023384,319.366245066,367.443966804
0.0385428884911,319.390874624,367.439411486
0.0386909411742,319.430527859,367.450979729
0.038839562564,319.48482035,367.478274116
0.0389887548449,319.553374602,367.520904258
0.03913852021,319.635819828,367.578486599
0.0392888608606,319.731791757,367.650644217
0.0394397790065,319.840932438,367.737006639
0.039591276866,319.962890056,367.837209659
0.0397433566659,320.097318758,367.950895166
0.0398960206415,320.24387848,368.077710976
0.040049271037,320.402234787,368.217310676
0.0402031101047,320.572058718,368.369353464
0.0403575401061,320.753026632,368.533504007
0.0405125633109,320.94482007,368.709432298
0.0406681819979,321.147125615,368.896813517
0.0408243984544,321.35963476,369.095327903
0.0409812149766,321.582043785,369.304660629
0.0411386338695,321.814053631,369.524501676
0.0412966574469,322.055369789,369.754545726
0.0414552880317,322.30570219,369.994492044
0.0416145279554,322.564765093,370.244044374
0.0417743795587,322.832276989,370.502910836
0.0419348451912,323.107960505,370.770803831
0.0420959272115,323.391542306,371.047439941
0.0422576279874,323.68275301,371.332539846
0.0424199498955,323.981327104,371.625828234
0.042582895322,324.287002861,371.927033716
0.0427464666617,324.599522264,372.235888754
0.0429106663191,324.918630933,372.552129577
0.0430754967075,325.244078051,372.875496115
0.04324096025,325.575616302,373.205731925
0.0434070593784,325.913001805,373.542584127
0.0435737965343,326.255994052,373.885803342
0.0437411741685,326.604355851,374.235143627
0.0439091947413,326.957853271,374.590362419
0.0440778607222,327.316255588,374.951220482
0.0442471745905,327.679335238,375.317481849
0.0444171388349,328.046867767,375.688913778
0.0445877559537,328.418631785,376.065286697
0.0447590284546,328.794408927,376.446374162
0.0449309588551,329.173983809,376.831952813
0.0451035496825,329.55714399,377.221802331
0.0452768034736,329.943679936,377.615705398
0.0454507227749,330.333384987,378.013447659
0.0456253101429,330.726055319,378.414817688
0.0458005681438,331.121489919,378.819606951
0.0459764993537,331.519490551,379.227609773
0.0461531063584,331.919861733,379.63862331
0.0463303917539,332.322410706,380.052447515
0.0465083581461,332.726947411,380.468885115
0.0466870081509,333.133284466,380.887741577
0.0468663443941,333.541237144,381.308825091
0.0470463695118,333.950623353,381.73194654
0.04722708615,334.361263615,382.156919478
0.0474084969652,334.772981047,382.58356011
0.0475906046238,335.185601345,383.011687268
0.0477734118026,335.598952769,383.441122397
0.0479569211886,336.012866123,383.871689531
0.0481411354791,336.427174748,384.303215276
0.0483260573818,336.8417145,384.735528796
0.0485116896149,337.256323743,385.168461795
0.0486980349069,337.670843336,385.601848504
0.0488850959969,338.085116619,386.035525661
0.0490728756343,338.498989407,386.469332505
0.0492613765794,338.912309975,386.903110758
0.0494506016028,339.324929052,387.336704614
0.049640553486,339.736699812,387.769960728
0.0498312350208,340.147477864,388.202728201
0.0500226490102,340.557121245,388.634858577
0.0502147982677,340.965490412,389.066205825
0.0504076856175,341.372448236,389.496626333
0.050601313895,341.777859993,389.925978899
0.0507956859461,342.181593361,390.354124721
0.0509908046279,342.58351841,390.780927386
0.0511866728084,342.9835076,391.206252869
0.0513832933666,343.38143577,391.629969516
0.0515806691926,343.777180138,392.051948042
0.0517788031875,344.170620292,392.472061522
0.0519776982636,344.561638186,392.890185385
0.0521773573445,344.950118134,393.306197403
0.0523777833649,345.335946807,393.719977687
0.0525789792707,345.719013224,394.131408682
0.0527809480194,346.09920875,394.540375155
0.0529836925795,346.476427092,394.946764192
0.0531872159312,346.850564289,395.350465191
0.0533915210659,347.221518712,395.751369854
0.0535966109868,347.589191055,396.149372183
0.0538024887083,347.953484332,396.54436847
0.0540091572566,348.31430387,396.936257293
0.0542166196695,348.671557305,397.324939507
0.0544248789964,349.025154574,397.710318241
0.0546339382984,349.375007912,398.092298886
0.0548438006484,349.721031843,398.470789094
0.0550544691311,350.063143176,398.845698766
0.0552659468432,350.401260996,399.216940048
0.0554782368929,350.735306662,399.584427321
0.0556913424008,351.065203792,399.948077197
0.0559052664992,351.390878265,400.307808509
0.0561200123325,351.712258208,400.663542304
0.0563355830572,352.029273988,401.015201834
0.0565519818419,352.341858206,401.36271255
0.0567692118673,352.64994569,401.706002093
0.0569872763266,352.953473481,402.045000283
0.0572061784249,353.252380832,402.379639116
0.0574259213798,353.546609191,402.709852747
0.0576465084212,353.836102195,403.035577488
0.0578679427916,354.120805663,403.356751794
0.0580902277457,354.40066758,403.673316258
0.0583133665507,354.67563809,403.985213594
0.0585373624867,354.945669485,404.292388634
0.0587622188459,355.210716193,404.594788313
0.0589879389335,355.470734768,404.892361659
0.0592145260673,355.725683875,405.185059785
0.0594419835778,355.975524281,405.472835871
0.0596703148084,356.220218841,405.755645163
0.0598995231152,356.459732485,406.033444948
0.0601296118673,356.694032204,406.306194555
0.0603605844467,356.92308704,406.573855332
0.0605924442484,357.146868068,406.83639064
0.0608251946805,357.365348382,407.093765836
0.061058839164,357.578503084,407.345948263
0.0612933811333,357.786309265,407.592907235
0.0615288240357,357.988745991,407.834614021
0.0617651713321,358.185794289,408.071041836
0.0620024264963,358.377437128,408.30216582
0.0622405930158,358.563659406,408.527963031
0.0624796743913,358.744447931,408.748412421
0.062719674137,358.919791404,408.963494831
0.0629605957805,359.089680404,409.173192966
0.0632024428631,359.254107368,409.377491387
0.0634452189397,359.413066575,409.576376487
0.0636889275786,359.566554125,409.769836485
0.0639335723622,359.714567924,409.957861397
0.0641791568864,359.857107665,410.140443032
0.0644256847609,359.994174804,410.317574965
0.0646731596095,360.125772548,410.489252524
0.0649215850696,360.25190583,410.655472773
0.0651709647928,360.372581292,410.816234492
0.0654213024446,360.487807263,410.971538162
0.0656726017047,360.597593741,411.121385943
0.0659248662669,360.70195237,411.265781659
0.0661780998392,360.800896421,411.404730776
0.0664323061436,360.89444077,411.538240388
0.0666874889168,360.982601878,411.666319192
0.0669436519095,361.065397769,411.788977475
0.0672007988871,361.142848008,411.906227088
0.0674589336293,361.214973678,412.018081432
0.0677180599304,361.281797362,412.124555435
0.067978181599,361.343343117,412.225665535
0.0682393024588,361.399636455,412.321429654
0.0685014263478,361.450704317,412.411867187
0.0687645571189,361.496575053,412.496998971
0.0690286986398,361.537278399,412.576847273
0.069293854793,361.572845454,412.651435767
0.069560029476,361.603308657,412.72078951
0.0698272266013,361.628701763,412.784934924
0.0700954500962,361.649059822,412.843899775
0.0703647039032,361.664419156,412.897713153
0.0706349919802,361.674817331,412.946405446
0.0709063182999,361.680293142,412.990008325
0.0711786868506,361.680886581,413.028554717
0.0714521016356,361.676638819,413.062078789
0.0717265666738,361.667592181,413.090615922
0.0720020859995,361.653790124,413.114202693
0.0722786636625,361.635277211,413.132876848
0.0725563037281,361.612099088,413.146677289
0.0728350102772,361.584302462,413.155644043
0.0731147874065,361.551935079,413.159818249
0.0733956392284,361.515045694,413.15924213
0.0736775698709,361.473684055,413.153958973
0.0739605834782,361.427900876,413.144013109
0.0742446842101,361.377747815,413.12944989
0.0745298762426,361.323277448,413.110315667
0.0748161637675,361.26454325,413.08665777
0.0751035509931,361.201599568,413.058524485
0.0753920421434,361.1345016,413.025965033
0.0756816414589,361.063305373,412.989029547
0.0759723531964,360.988067717,412.947769054
0.076264181629,360.908846244,412.902235449
0.0765571310461,360.825699326,412.85248148
0.0768512057538,360.738686073,412.798560718
0.0771464100744,360.647866305,412.740527545
0.0774427483473,360.55330054,412.678437126
0.0777402249281,360.455049961,412.612345393
0.0780388441893,360.3531764,412.542309019
0.0783386105204,360.247742317,412.468385402
0.0786395283274,360.138810775,412.390632642
0.0789416020335,360.026445419,412.30910952
0.0792448360787,359.910710456,412.223875479
0.0795492349202,359.791670634,412.134990603
0.0798548030323,359.669391219,412.042515595
0.0801615449064,359.543937976,411.946511762
0.0804694650513,359.415377148,411.847040989
0.0807785679929,359.283775434,411.744165724
0.0810888582747,359.149199973,411.637948954
0.0814003404576,359.011718317,411.528454192
0.0817130191198,358.871398421,411.415745449
0.0820268988575,358.728308611,411.299887224
0.0823419842841,358.582517578,411.180944478
0.0826582800312,358.434094346,411.05898262
0.0829757907477,358.283108266,410.934067483
0.0832945211007,358.129628985,410.806265314
0.0836144757752,357.973726436,410.675642746
0.0839356594739,357.815470818,410.542266787
0.084258076918,357.654932575,410.406204801
0.0845817328466,357.492182382,410.267524488
0.0849066320169,357.327291126,410.126293869
0.0852327792046,357.160329888,409.982581265
0.0855601792035,356.991369928,409.836455286
0.0858888368262,356.820482666,409.687984811
0.0862187569033,356.64773967,409.537238969
0.0865499442843,356.473212633,409.384287126
0.0868824038372,356.296973364,409.22919887
0.0872161404488,356.119093767,409.072043991
0.0875511590245,355.93964583,408.912892467
0.0878874644887,355.758701607,408.751814451
0.0882250617846,355.576333203,408.588880253
0.0885639558745,355.392612763,408.424160325
0.0889041517397,355.207612455,408.257725246
0.0892456543805,355.021404454,408.089645713
0.0895884688168,354.834060933,407.919992516
0.0899326000873,354.645654048,407.748836535
0.0902780532504,354.456255922,407.576248719
0.0906248333838,354.265938636,407.402300076
0.0909729455847,354.074774214,407.227061657
0.0913223949699,353.882834611,407.050604545
0.0916731866758,353.690191703,406.872999843
0.0920253258587,353.496917272,406.694318657
0.0923788176945,353.303082997,406.514632088
0.0927336673791,353.108760442,406.334011218
0.0930898801283,352.914021046,406.1525271
0.093447461178,352.718936109,405.970250743
0.0938064157842,352.523576785,405.787253103
0.094166749223,352.328014073,405.603605071
0.0945284667909,352.132318803,405.419377463
0.0948915738046,351.936561628,405.234641008
0.0952560756014,351.740813016,405.049466339
0.095621977539,351.545143241,404.86392398
0.0959892849956,351.349622373,404.678084342
0.0963580033701,351.154320269,404.492017706
0.0967281380824,350.959306566,404.305794218
0.0970996945728,350.764650674,404.119483878
0.0974726783027,350.570421765,403.933156532
0.0978470947546,350.376688768,403.746881865
0.0982229494319,350.183520363,403.560729386
0.0986002478592,349.99098497,403.374768429
0.0989789955822,349.799150746,403.189068135
0.099359198168,349.608085577,403.003697453
0.0997408612052,349.41785707,402.818725126
0.100123990304,349.228532552,402.634219687
0.100508591095,349.040179059,402.450249452
0.100894669232,348.852863333,402.266882511
0.10128223039,348.666651818,402.084186721
0.101671280265,348.481610652,401.902229703
0.102061824577,348.297805662,401.721078832
0.102453869064,348.115302365,401.540801233
0.102847419491,347.934165956,401.361463774
0.103242481641,347.754461309,401.183133062
0.103639061322,347.576252972,401.005875435
0.104037164363,347.399605161,400.82975696
0.104436796615,347.224581761,400.654843424
0.104837963953,347.051246318,400.481200332
0.105240672272,346.87966204,400.308892903
0.105644927493,346.709891789,400.137986064
0.106050735558,346.541998084,399.968544445
0.10645810243,346.376043097,399.800632377
0.106867034099,346.212088645,399.634313887
0.107277536575,346.050196199,399.469652693
0.107689615891,345.890426869,399.306712204
0.108103278104,345.732841414,399.145555515
0.108518529296,345.577500234,398.986245401
0.108935375569,345.424463369,398.828844321
0.109353823052,345.273790499,398.673414406
0.109773877893,345.125540944,398.520017464
0.110195546268,344.97977366,398.368714976
0.110618834375,344.836547242,398.21956809
0.111043748435,344.695919922,398.072637624
0.111470294694,344.557949566,397.927984059
0.111898479422,344.422693678,397.785667541
0.112328308912,344.290209397,397.645747881
0.112759789483,344.160553498,397.508284546
0.113192927476,344.033782394,397.373336665
0.113627729259,343.909952131,397.240963026
0.114064201222,343.789118397,397.111222072
0.114502349781,343.671336513,396.984171905
0.114942181375,343.556661441,396.85987028
0.115383702471,343.445147782,396.738374609
0.115826919557,343.336849777,396.619741958
0.116271839149,343.231821308,396.504029046
0.116718467787,343.130115901,396.391292247
0.117166812034,343.031786725,396.28158759
0.117616878481,342.936886595,396.174970756
0.118068673744,342.845467972,396.071497081
0.118522204463,342.757582967,395.971221554
0.118977477305,342.673283341,395.874198821
0.119434498962,342.592620507,395.780483182
0.119893276151,342.515645533,395.690128591
0.120353815615,342.442409144,395.603188661
0.120816124125,342.372961722,395.519716662
0.121280208474,342.30735331,395.439765521
0.121746075486,342.245633615,395.363387825
0.122213732007,342.187852009,395.290635819
0.122683184911,342.134057533,395.221561414
0.123154441099,342.084298897,395.156216179
0.123627507497,342.038624485,395.09465135
0.12410239106,341.997082356,395.036917826
0.124579098767,341.959720249,394.983066177
0.125057637624,341.926585583,394.933146637
0.125538014667,341.897725464,394.887209114
0.126020236956,341.87318668,394.845303184
0.126504311579,341.853015715,394.807478102
0.126990245651,341.837258743,394.773782794
0.127478046315,341.825961635,394.744265866
0.127967720741,341.819169962,394.718975604
0.128459276127,341.816928997,394.697959975
0.128952719697,341.819283719,394.68126663
0.129448058705,341.826278817,394.668942905
0.129945300431,341.837958692,394.661035827
0.130444452185,341.85436746,394.657592111
0.130945521303,341.875548957,394.658658166
0.131448515151,341.901546742,394.664280097
0.131953441121,341.9324041,394.674503706
0.132460306635,341.968164043,394.689374496
0.132969119145,342.00886932,394.708937671
0.133479886127,342.054562413,394.733238143
0.133992615091,342.105285546,394.762320529
0.134507313573,342.161080686,394.796229159
0.135023989138,342.221989546,394.835008075
0.13554264938,342.28805359,394.878701036
0.136063301923,342.359314037,394.927351517
0.136585954421,342.435811864,394.981002718
0.137110614554,342.517587806,395.039697559
0.137637290036,342.604682367,395.103478691
0.138165988608,342.697135817,395.172388491
0.13869671804,342.794988199,395.246469072
0.139229486134,342.898279331,395.325762278
0.139764300722,343.00704881,395.410309695
0.140301169663,343.121336016,395.500152649
0.140840100849,343.241180115,395.595332207
0.141381102202,343.366620064,395.695889188
0.141924181674,343.497694611,395.801864155
0.142469347247,343.634442304,395.913297427
0.143016606935,343.776901488,396.030229077
0.143565968781,343.925110315,396.152698938
0.144117440861,344.079106741,396.2807466
0.144671031281,344.238928537,396.414411422
0.145226748177,344.404613284,396.553732527
0.145784599717,344.576198384,396.698748807
0.146344594103,344.753721058,396.849498929
0.146906739564,344.937218352,397.006021333
0.147471044363,345.126727139,397.16835424
0.148037516796,345.322284125,397.336535648
0.148606165188,345.523925848,397.510603343
0.149176997898,345.731688685,397.690594896
0.149750023316,345.945608853,397.876547667
0.150325249866,346.165722414,398.068498808
0.150902686001,346.392065276,398.266485268
0.15148234021,346.624673197,398.470543791
0.152064221014,346.863581788,398.680710923
0.152648336964,347.108826519,398.897023014
0.153234696646,347.360442716,399.119516217
0.15382330868,347.618465568,399.348226494
0.154414181717,347.88293013,399.583189621
0.155007324443,348.153871324,399.824441184
0.155602745574,348.431323942,400.072016585
0.156200453865,348.715322653,400.325951048
0.156800458099,349.005901998,400.586279614
0.157402767097,349.303096398,400.85303715
0.158007389711,349.606940158,401.126258348
0.158614334829,349.917467463,401.405977728
0.159223611372,350.234712389,401.692229641
0.159835228296,350.558708896,401.985048271
0.16044919459,350.88949084,402.284467636
0.161065519279,351.227091968,402.590521593
0.161684211422,351.571545924,402.903243838
0.162305280114,351.92288625,403.222667908
0.162928734482,352.281146389,403.548827184
0.163554583692,352.646359686,403.881754893
0.164182836942,353.018559391,404.22148411
0.164813503466,353.39777866,404.568047759
0.165446592536,353.784050559,404.921478616
0.166082113455,354.177408063,405.281809311
0.166720075567,354.577884059,405.64907233
0.167360488247,354.98551135,406.023300014
0.168003360909,355.400322654,406.404524564
0.168648703003,355.822350604,406.792778043
0.169296524014,356.251627755,407.188092373
0.169946833464,356.68818658,407.590499342
0.170599640912,357.132059477,408.000030602
0.171254955954,357.583278762,408.416717673
0.171912788221,358.041876681,408.840591942
0.172573147384,358.507885402,409.271684666
0.173236043148,358.981337021,409.710026971
0.173901485257,359.462263561,410.155649857
0.174569483492,359.950696975,410.608584197
0.175240047672,360.446669145,411.068860736
0.175913187654,360.950211883,411.536510097
0.176588913331,361.461356934,412.011562777
0.177267234636,361.980135975,412.494049152
0.17794816154,362.506580613,412.983999475
0.178631704051,363.040722391,413.481443878
0.179317872216,363.582592785,413.986412373
0.180006676121,364.132223205,414.498934851
0.180698125891,364.689644996,415.019041087
0.18139223169,365.254889436,415.546760734
0.182089003718,365.827987739,416.082123329
0.182788452219,366.408971055,416.625158291
0.183490587473,366.997870467,417.175894921
0.1841954198,367.594716995,417.734362406
0.184902959562,368.19954159,418.300589812
0.185613217157,368.812375143,418.874606091
0.186326203025,369.433248473,419.45644008
0.187041927647,370.062192339,420.046120496
0.187760401543,370.699237427,420.643675943
0.188481635273,371.344414361,421.249134907
0.189205639439,371.997753694,421.862525756
0.189932424682,372.659285912,422.483876745
0.190662001685,373.329041429,423.113216007
0.191394381173,374.007050592,423.750571561
0.192129573909,374.693343674,424.395971306
0.192867590702,375.387950877,425.049443024
0.193608442397,376.090902328,425.711014376
0.194352139886,376.802228081,426.380712904
0.195098694099,377.521958112,427.05856603
0.195848116009,378.25012232,427.744601053
0.196600416633,378.986750525,428.438845152
0.197355607029,379.731872466,429.141325382
0.198113698295,380.485517801,429.852068671
0.198874701576,381.247716101,430.571101825
0.199638628057,382.018496854,431.298451522
0.200405488967,382.797889457,432.034144313
0.201175295578,383.58592322,432.778206619
0.201948059204,384.382627358,433.53066473
0.202723791205,385.188030993,434.291544806
0.203502502983,386.002163151,435.06087287
0.204284205984,386.825052758,435.838674814
0.205068911698,387.656728637,436.62497639
0.205856631658,388.49721951,437.419803211
0.206647377444,389.346553988,438.223180752
0.207441160679,390.204760577,439.035134344
0.208237993029,391.071867667,439.855689173
0.209037886208,391.947903534,440.684870279
0.209840851973,392.832896335,441.522702554
0.210646902126,393.726874106,442.369210737
0.211456048515,394.629864756,443.224419415
0.212268303034,395.54189607,444.08835302
0.213083677622,396.462995697,444.961035824
0.213902184263,397.393191153,445.842491939
0.214723834989,398.332509816,446.732745315
0.215548641877,399.28097892,447.631819733
0.21637661705,400.238625553,448.539738809
0.217207772679,401.205476654,449.456525983
0.21804212098,402.181559007,450.382204523
0.218879674218,403.166899239,451.316797519
0.219720444703,404.161523813,452.260327881
0.220564444794,405.165459027,453.212818333
0.221411686895,406.178731008,454.174291414
0.222262183462,407.201365706,455.14476947
0.223115946994,408.233388894,456.124274656
0.223972990041,409.274826159,457.112828927
0.224833325201,410.325702897,458.11045404
0.225696965119,411.386044314,459.117171544
0.22656392249,412.455875415,460.133002784
0.227434210056,413.535221,461.157968888
0.22830784061,414.624105662,462.192090772
0.229184826994,415.722553779,463.235389132
0.230065182097,416.830589509,464.287884437
0.23094891886,417.948236788,465.349596931
0.231836050272,419.075519319,466.420546626
0.232726589374,420.212460569,467.500753296
0.233620549254,421.359083766,468.590236475
0.234517943054,422.515411889,469.689015453
0.235418783963,423.681467665,470.79710927
0.236323085223,424.857273562,471.914536711
0.237230860126,426.042851784,473.041316304
0.238142122015,427.238224262,474.177466313
0.239056884284,428.443412651,475.323004733
0.239975160379,429.658438325,476.477949289
0.240896963797,430.883322364,477.642317425
0.241822308089,432.118085556,478.816126305
0.242751206855,433.362748384,479.999392804
0.243683673749,434.617331023,481.192133503
0.244619722477,435.881853331,482.394364688
0.245559366797,437.156334844,483.606102338
0.246502620521,438.44079477,484.827362128
0.247449497515,439.735251978,486.058159414
0.248400011695,441.039724994,487.298509237
0.249354177033,442.354231996,488.54842631
0.250312007554,443.678790801,489.807925017
0.251273517336,445.013418863,491.077019406
0.252238720514,446.358133263,492.355723182
0.253207631273,447.712950704,493.644049704
0.254180263857,449.077887498,494.942011975
0.25515663256,450.452959565,496.249622641
0.256136751735,451.838182423,497.566893982
0.257120635788,453.233571179,498.893837906
0.258108299181,454.63914052,500.230465944
0.259099756431,456.054904711,501.576789242
0.260095022111,457.48087758,502.932818559
0.261094110851,458.917072515,504.298564256
0.262097037336,460.363502454,505.674036291
0.263103816307,461.820179877,507.059244214
0.264114462563,463.287116797,508.45419716
0.265128990959,464.764324753,509.858903841
0.266147416407,466.251814801,511.273372544
0.267169753877,467.749597507,512.697611116
0.268196018396,469.257682935,514.131626967
0.269226225049,470.776080644,515.575427056
0.270260388977,472.304799673,517.029017889
0.271298525383,473.843848538,518.492405508
0.272340649526,475.393235219,519.965595488
0.273386776722,476.952967155,521.448592929
0.27443692235,478.523051231,522.941402447
0.275491101845,480.103493775,524.444028169
0.276549330701,481.694300542,525.956473726
0.277611624474,483.295476712,527.478742247
0.278677998777,484.907026874,529.010836347
0.279748469286,486.528955023,530.552758126
0.280823051734,488.16126455,532.104509159
0.281901761917,489.803958228,533.666090487
0.28298461569,491.457038208,535.237502615
0.28407162897,493.120506009,536.818745499
0.285162817735,494.794362507,538.409818541
0.286258198023,496.478607926,540.010720584
0.287357785935,498.173241831,541.621449901
0.288461597634,499.878263117,543.24200419
0.289569649344,501.593669997,544.872380563
0.290681957353,503.319459999,546.512575547
0.291798538009,505.055629952,548.162585065
0.292919407725,506.802175976,549.822404437
0.294044582977,508.559093476,551.492028372
0.295174080302,510.32637713,553.171450955
0.296307916304,512.104020881,554.860665645
0.297446107648,513.892017927,556.559665265
0.298588671064,515.69036071,558.268441995
0.299735623345,517.49904091,559.986987365
0.300886981352,519.318049433,561.715292246
0.302042762007,521.147376401,563.453346844
0.303202982299,522.987011145,565.201140692
0.304367659282,524.836942195,566.958662643
0.305536810074,526.697157268,568.72590086
0.306710451861,528.567643261,570.502842811
0.307888601894,530.448386241,572.289475263
0.30907127749,532.339371438,574.085784268
0.310258496033,534.240583229,575.891755164
0.311450274973,536.152005136,577.707372561
0.312646631828,538.073619813,579.532620337
0.313847584184,540.005409037,581.367481627
0.315053149692,541.9473537,583.211938822
0.316263346072,543.899433798,585.065973555
0.317478191113,545.861628423,586.929566695
0.318697702672,547.833915755,588.802698344
0.319921898674,549.816273049,590.685347825
0.321150797113,551.808676631,592.577493676
0.322384416052,553.811101884,594.479113644
0.323622773623,555.823523246,596.390184674
0.32486588803,557.845914191,598.31068291
0.326113777544,559.878247231,600.240583677
0.327366460507,561.920493899,602.179861483
0.328623955333,563.972624746,604.128490006
0.329886280505,566.034609329,606.086442092
0.331153454577,568.106416203,608.053689744
0.332425496175,570.188012914,610.030204115
0.333702423997,572.27936599,612.015955507
0.334984256812,574.38044093,614.010913356
0.33627101346,576.491202203,616.015046232
0.337562712857,578.61161323,618.028321828
0.338859373987,580.741636385,620.050706957
0.340161015911,582.881232983,622.082167541
0.341467657761,585.030363271,624.122668611
0.342779318742,587.188986423,626.172174295
0.344096018134,589.357060532,628.230647812
0.345417775292,591.534542601,630.298051472
0.346744609643,593.721388538,632.374346661
0.34807654069,595.917553147,634.459493843
0.349413588011,598.122990121,636.553452548
0.350755771258,600.337652036,638.656181372
0.35210311016,602.561490344,640.767637965
0.353455624521,604.794455366,642.88777903
0.354813334221,607.036496287,645.016560317
0.356176259217,609.287561147,647.153936615
0.357544419542,611.547596836,649.29986175
0.358917835306,613.816549088,651.454288577
0.360296526697,616.094362478,653.617168978
0.36168051398,618.38098041,655.788453854
0.363069817497,620.676345117,657.968093121
0.364464457669,622.980397653,660.156035708
0.365864454996,625.29307789,662.352229549
0.367269830056,627.614324509,664.55662158
0.368680603506,629.944075,666.769157735
0.370096796083,632.282265654,668.989782941
0.371518428602,634.628831558,671.218441115
0.372945521961,636.983706595,673.45507516
0.374378097135,639.346823436,675.699626961
0.375816175182,641.718113538,677.952037381
0.377259777238,644.097507138,680.212246259
0.378708924525,646.484933253,682.480192403
0.380163638341,648.880319675,684.755813594
0.381623940069,651.283592968,687.039046576
0.383089851175,653.694678464,689.329827056
0.384561393204,656.113500265,691.628089703
0.386038587787,658.539981234,693.933768142
0.387521456637,660.974042998,696.246794957
0.389010021549,663.415605944,698.567101683
0.390504304404,665.86458922,700.894618807
0.392004327166,668.320910728,703.229275767
0.393510111883,670.78448713,705.571000951
0.395021680688,673.255233841,707.919721691
0.3965390558,675.733065032,710.275364267
0.398062259521,678.21789363,712.637853905
0.399591314241,680.709631315,715.007114775
0.401126242435,683.208188521,717.38306999
0.402667066665,685.71347444,719.765641608
0.404213809578,688.225397017,722.154750628
0.40576649391,690.743862956,724.550316997
0.407325142483,693.268777719,726.9522596
0.408889778208,695.800045527,729.360496272
0.410460424081,698.337569364,731.774943789
0.412037103191,700.881250976,734.195517874
0.413619838711,703.430990876,736.622133199
0.415208653907,705.986688347,739.054703382
0.416803572131,708.548241443,741.493140993
0.418404616827,711.115546994,743.937357551
0.420011811529,713.688500608,746.387263532
0.421625179859,716.266996676,748.842768368
0.423244745532,718.850928378,751.303780447
0.424870532355,721.440187683,753.770207121
0.426502564223,724.034665358,756.241954707
0.428140865125,726.634250973,758.718928488
0.429785459143,729.238832902,761.201032719
0.431436370449,731.848298334,763.688170631
0.433093623311,734.462533278,766.180244431
0.434757242087,737.081422567,768.677155312
0.436427251231,739.704849867,771.178803455
0.438103675289,742.332697684,773.685088031
0.439786538903,744.964847371,776.19590721
0.441475866808,747.601179135,778.711158164
0.443171683837,750.241572046,781.230737074
0.444874014914,752.885904046,783.754539135
0.446582885062,755.534051957,786.282458561
0.448298319399,758.18589149,788.814388592
0.45002034314,760.841297254,791.350221502
0.451748981597,763.500142767,793.889848604
0.453484260177,766.162300467,796.433160258
0.455226204388,768.827641719,798.980045876
0.456974839834,771.496036828,801.530393936
0.458730192217,774.167355051,804.084091981
0.460492287339,776.841464608,806.641026633
0.4622611511,779.518232691,809.201083603
0.4640368095,782.197525482,811.764147692
0.46581928864,784.879208158,814.330102809
0.467608614719,787.563144911,816.898831973
0.469404814038,790.249198956,819.470217328
0.471207912999,792.93723255,822.044140148
0.473017938105,795.627106999,824.62048085
0.474834915962,798.318682677,827.199119006
0.476658873275,801.011819039,829.779933348
0.478489836856,803.706374638,832.362801784
0.480327833617,806.402207137,834.947601406
0.482172890574,809.099173326,837.534208506
0.484025034847,811.797129139,840.122498581
0.48588429366,814.495929668,842.71234635
0.487750694342,817.195429182,845.303625764
0.489624264327,819.895481143,847.89621002
0.491505031153,822.595938222,850.489971573
0.493393022466,825.296652319,853.084782149
0.495288266016,827.997474578,855.680512758
0.497190789661,830.698255408,858.277033709
0.499100621366,833.398844501,860.874214622
0.501017789203,836.099090848,863.471924443
0.502942321351,838.798842763,866.070031459
0.504874246099,841.497947899,868.668403313
0.506813591844,844.196253269,871.266907016
0.508760387091,846.893605265,873.865408966
0.510714660456,849.589849681,876.46377496
0.512676440664,852.284831732,879.061870214
0.51464575655,854.978396073,881.659559373
0.516622637062,857.670386825,884.256706535
0.518607111256,860.360647595,886.85317526
0.520599208302,863.049021495,889.448828589
0.522598957482,865.735351166,892.043529065
0.524606388188,868.419478803,894.637138745
0.526621529927,871.101246176,897.22951922
0.52864441232,873.780494649,899.820531632
0.5306750651,876.457065212,902.410036692
0.532713518115,879.130798496,904.9978947
0.534759801328,881.801534801,907.583965559
0.536813944817,884.469114122,910.168108798
0.538875978774,887.133376168,912.75018359
0.540945933509,889.79416039,915.330048769
0.543023839448,892.451306009,917.907562851
0.545109727132,895.104652032,920.482584054
0.547203627223,897.754037286,923.054970316
0.549305570497,900.399300439,925.624579316
0.551415587851,903.040280029,928.191268494
0.553533710298,905.676814486,930.754895074
0.555659968973,908.30874216,933.315316077
0.557794395129,910.935901348,935.872388351
0.559937020139,913.558130322,938.425968586
0.562087875497,916.175267349,940.975913338
0.564246992817,918.787150729,943.522079047
0.566414403837,921.393618809,946.064322062
0.568590140413,923.994510024,948.602498663
0.570774234527,926.589662911,951.136465078
0.572966718282,929.178916147,953.66607751
0.575167623905,931.762108573,956.191192158
0.577376983745,934.33907922,958.711665236
0.579594830279,936.909667338,961.227353002
0.581821196104,939.473712427,963.738111772
0.584056113947,942.031054263,966.243797953
0.586299616656,944.581532925,968.744268056
0.58855173721,947.124988825,971.239378725
0.590812508711,949.661262737,973.728986759
0.593081964389,952.190195826,976.212949135
0.595360137603,954.711629674,978.69112303
0.597647061839,957.225406313,981.163365847
0.599942770711,959.731368249,983.629535236
0.602247297964,962.229358496,986.089489121
0.604560677471,964.719220601,988.543085719
0.606882943235,967.200798674,990.990183571
0.609214129392,969.67393742,993.430641557
0.611554270207,972.138482162,995.864318927
0.613903400075,974.594278878,998.291075323
0.616261553528,977.041174224,1000.7107708
0.618628765226,979.479015563,1003.12326586
0.621005069964,981.907651,1005.52842147
0.623390502672,984.326929404,1007.92609906
0.625785098411,986.736700444,1010.31616062
0.62818889238,989.13681461,1012.69846863
0.63060191991,991.527123249,1015.07288617
0.633024216471,993.907478592,1017.43927688
0.635455817667,996.27773378,1019.79750502
0.637896759239,998.637742897,1022.14743549
0.640347077065,1000.987361,1024.48893384
0.642806807164,1003.32644413,1026.82186632
0.645275985688,1005.65484937,1029.14609987
0.647754648933,1007.97243487,1031.46150217
0.650242833331,1010.27905983,1033.76794166
0.652740575455,1012.57458458,1036.06528756
0.655247912018,1014.8588706,1038.3534099
0.657764879876,1017.13178053,1040.63217953
0.660291516025,1019.3931782,1042.90146817
0.662827857603,1021.64292868,1045.1611484
0.66537394189,1023.88089827,1047.41109372
0.667929806311,1026.10695456,1049.65117855
0.670495488434,1028.32096645,1051.88127825
0.673071025971,1030.52280418,1054.10126918
0.675656456779,1032.71233932,1056.31102868
0.678251818861,1034.88944486,1058.51043511
0.680857150364,1037.05399519,1060.69936788
0.683472489585,1039.20586612,1062.87770747
0.686097874964,1041.34493497,1065.04533547
0.688733345093,1043.47108051,1067.20213455
0.691378938708,1045.58418304,1069.34798855
0.694034694697,1047.68412441,1071.48278245
0.696700652096,1049.77078803,1073.60640243
0.69937685009,1051.84405889,1075.71873588
0.702063328017,1053.90382362,1077.81967139
0.704760125365,1055.94997047,1079.90909885
0.707467281772,1057.98238937,1081.98690938
0.71018483703,1060.00097192,1084.05299542
0.712912831085,1062.00561144,1086.10725072
0.715651304033,1063.996203,1088.14957038
0.718400296127,1065.97264339,1090.17985085
0.721159847774,1067.93483122,1092.19798996
0.723929999535,1069.88266687,1094.20388696
0.726710792128,1071.81605255,1096.1974425
0.729502266427,1073.73489233,1098.17855871
0.732304463463,1075.63909213,1100.14713915
0.735117424425,1077.52855976,1102.10308888
0.73794119066,1079.40320494,1104.04631447
0.740775803673,1081.2629393,1105.97672401
0.743621305129,1083.10767644,1107.89422714
0.746477736854,1084.93733191,1109.79873505
0.749345140834,1086.75182324,1111.69016053
0.752223559215,1088.55106997,1113.56841795
0.755113034307,1090.33499367,1115.43342332
0.758013608581,1092.10351792,1117.28509429
0.760925324671,1093.85656838,1119.12335014
0.763848225377,1095.59407277,1120.94811185
0.766782353661,1097.31596091,1122.75930208
0.769727752652,1099.0221647,1124.55684519
0.772684465641,1100.71261819,1126.34066728
0.775652536091,1102.38725754,1128.11069617
0.778632007626,1104.04602107,1129.86686146
0.781622924042,1105.68884926,1131.60909451
0.784625329301,1107.31568477,1133.33732847
0.787639267534,1108.92647246,1135.05149829
0.790664783044,1110.52115937,1136.75154074
0.7937019203,1112.09969478,1138.43739441
0.796750723944,1113.66203019,1140.10899977
0.799811238791,1115.20811933,1141.76629912
0.802883509826,1116.73791819,1143.40923665
0.805967582207,1118.25138503,1145.03775841
0.809063501266,1119.74848036,1146.65181239
0.812171312509,1121.22916699,1148.25134847
0.815291061616,1122.69341001,1149.83631844
0.818422794445,1124.14117681,1151.40667606
0.821566557028,1125.5724371,1152.96237701
0.824722395573,1126.98716289,1154.50337894
0.827890356467,1128.38532851,1156.02964148
0.831070486276,1129.76691064,1157.5411262
0.834262831744,1131.13188828,1159.03779671
0.837467439792,1132.48024277,1160.51961859
0.840684357526,1133.81195781,1161.98655942
0.84391363223,1135.12701944,1163.43858883
0.847155311369,1136.42541606,1164.87567844
0.850409442592,1137.70713844,1166.29780193
0.853676073731,1138.97217969,1167.70493501
0.856955252801,1140.22053532,1169.09705544
0.860247028002,1141.45220318,1170.47414302
0.863551447719,1142.66718351,1171.83617965
0.866868560521,1143.86547892,1173.18314927
0.870198415167,1145.04709438,1174.51503788
0.873541060601,1146.21203726,1175.83183361
0.876896545955,1147.36031729,1177.13352662
0.880264920552,1148.49194658,1178.42010919
0.883646233901,1149.6069396,1179.69157569
0.887040535703,1150.70531322,1180.94792259
0.89044787585,1151.78708665,1182.18914844
0.893868304427,1152.85228149,1183.41525392
0.897301871708,1153.90092171,1184.6262418
0.900748628162,1154.93303362,1185.82211698
0.904208624454,1155.94864592,1187.00288644
0.907681911439,1156.94778965,1188.16855929
0.911168540171,1157.93049819,1189.31914676
0.914668561898,1158.89680728,1190.45466219
0.918182028067,1159.84675502,1191.57512103
0.921708990321,1160.7803818,1192.68054084
0.925249500501,1161.69773038,1193.77094132
0.928803610649,1162.59884582,1194.84634426
0.932371373006,1163.48377551,1195.90677357
0.935952840012,1164.35256914,1196.95225528
0.93954806431,1165.20527871,1197.98281752
0.943157098747,1166.04195849,1198.99849054
0.94677999637,1166.86266505,1199.99930667
0.950416810431,1167.66745724,1200.98530037
0.954067594385,1168.45639616,1201.9565082
0.957732401897,1169.22954517,1202.91296879
0.961411286832,1169.98696989,1203.85472289
0.965104303266,1170.72873815,1204.78181332
0.968811505481,1171.45492002,1205.69428499
0.972532947969,1172.16558776,1206.59218489
0.97626868543,1172.86081586,1207.47556208
0.980018772774,1173.54068098,1208.34446769
0.983783265123,1174.20526195,1209.19895489
0.98756221781,1174.85463978,1210.03907895
0.99135568638,1175.48889762,1210.86489715
0.995163726594,1176.10812075,1211.67646883
0.998986394423,1176.71239657,1212.47385535
1.00282374606,1177.30181462,1213.25712011
1.0066758379,1177.87646648,1214.02632853
1.01054272657,1178.43644586,1214.78154802
1.01442446891,1178.9818485,1215.52284801
1.01832112197,1179.5127722,1216.25029993
1.02223274303,1180.02931679,1216.96397718
1.02615938959,1180.53158413,1217.66395513
1.03010111936,1181.01967806,1218.35031114
1.03405799028,1181.49370441,1219.0231245
1.03803006051,1181.95377099,1219.68247646
1.04201738843,1182.39998756,1220.3284502
1.04602003266,1182.83246578,1220.96113082
1.05003805203,1183.25131927,1221.58060534
1.0540715056,1183.65666353,1222.18696268
1.05812045265,1184.04861593,1222.78029365
1.06218495269,1184.42729572,1223.36069094
1.06626506548,1184.79282398,1223.92824911
1.07036085098,1185.14532362,1224.48306456
1.0744723694,1185.48491937,1225.02523554
1.07859968117,1185.81173774,1225.55486215
1.08274284695,1186.12590699,1226.07204628
1.08690192765,1186.42755716,1226.57689163
1.0910769844,1186.71682,1227.06950371
1.09526807857,1186.99382899,1227.54998977
1.09947527175,1187.25871928,1228.01845886
1.1036986258,1187.5116277,1228.47502176
1.10793820278,1187.75269274,1228.919791
1.11219406502,1187.98205452,1229.35288082
1.11646627506,1188.19985477,1229.77440717
1.12075489572,1188.4062368,1230.18448769
1.12505999002,1188.60134552,1230.58324172
1.12938162124,1188.78532735,1230.97079024
1.1337198529,1188.95833029,1231.34725588
1.13807474878,1189.1205038,1231.71276293
1.14244637288,1189.27199888,1232.06743726
1.14683478945,1189.41296796,1232.41140638
1.15124006302,1189.54356493,1232.74479937
1.15566225832,1189.66394513,1233.06774689
1.16010144035,1189.77426527,1233.38038115
1.16455767437,1189.87468347,1233.6828359
1.16903102588,1189.96535921,1233.97524645
1.17352156063,1190.04645332,1234.25774957
1.17802934462,1190.11812796,1234.53048356
1.18255444411,1190.18054657,1234.79358819
1.18709692563,1190.23387389,1235.04720468
1.19165685592,1190.27827593,1235.29147573
1.19623430203,1190.31391992,1235.52654543
1.20082933123,1190.34097433,1235.75255931
1.20544201107,1190.35960883,1235.9696643
1.21007240933,1190.36999426,1236.1780087
1.2147205941,1190.37230262,1236.37774218
1.21938663368,1190.36670706,1236.56901578
1.22407059666,1190.35338184,1236.75198184
1.22877255189,1190.33250233,1236.92679404
1.23349256848,1190.30424497,1237.09360736
1.23823071582,1190.26878726,1237.25257806
1.24298706354,1190.22630774,1237.40386368
1.24776168156,1190.17698597,1237.54762301
1.25255464005,1190.12100251,1237.68401606
1.25736600948,1190.05853892,1237.81320408
1.26219586055,1189.98977768,1237.93534953
1.26704426427,1189.91490225,1238.05061605
1.27191129189,1189.83409699,1238.15916844
1.27679701496,1189.74754717,1238.2611727
1.28170150529,1189.65543896,1238.35679592
1.28662483497,1189.55795938,1238.44620636
1.29156707637,1189.45529631,1238.52957336
1.29652830212,1189.34763844,1238.60706738
1.30150858516,1189.2351753,1238.67885996
1.30650799869,1189.1180972,1238.74512367
1.31152661619,1188.99659523,1238.80603217
1.31656451143,1188.87086123,1238.86176015
1.32162175847,1188.7410878,1238.9124833
1.32669843162,1188.60746826,1238.95837833
1.33179460553,1188.47019662,1238.99962293
1.33691035509,1188.32946761,1239.03639579
1.34204575549,1188.18547663,1239.06887653
1.34720088223,1188.03841971,1239.09724575
1.35237581107,1187.88849358,1239.12168495
1.35757061808,1187.73589554,1239.14237659
1.36278537962,1187.58082354,1239.159504
1.36802017234,1187.42347612,1239.17325142
1.37327507318,1187.2640524,1239.18380397
1.37855015938,1187.10275208,1239.19134764
1.38384550849,1186.93977539,1239.19606925
1.38916119832,1186.77532312,1239.19815649
1.39449730702,1186.60959659,1239.19779787
1.39985391303,1186.44279763,1239.1951827
1.40523109507,1186.27512856,1239.19050111
1.41062893219,1186.1067922,1239.18394401
1.41604750372,1185.93799183,1239.17570311
1.42148688931,1185.76893122,1239.16597086
1.42694716892,1185.59981457,1239.1549405
1.4324284228,1185.43084652,1239.14280598
1.43793073151,1185.26223215,1239.12976201
1.44345417595,1185.09417694,1239.11600402
1.44899883729,1184.9268868,1239.10172816
1.45456479703,1184.76056802,1239.08713126
1.46015213699,1184.59542727,1239.07241087
1.46576093929,1184.43167162,1239.05776522
1.47139128638,1184.26950849,1239.04339321
1.47704326101,1184.10914565,1239.0294944
1.48271694626,1183.95079125,1239.01626903
1.48841242552,1183.79465374,1239.00391797
1.49412978252,1183.64094195,1238.99264275
1.49986910129,1183.489865,1238.9826455
1.50563046618,1183.34163234,1238.97412902
1.5114139619,1183.19645372,1238.96729669
1.51721967343,1183.05453923,1238.96235252
1.52304768613,1182.91609921,1238.95950113
1.52889808566,1182.78134433,1238.95894772
1.534770958,1182.65048552,1238.96089811
1.54066638948,1182.52373403,1238.96555868
1.54658446676,1182.40130133,1238.9731364
1.55252527683,1182.28339922,1238.98383882
1.55848890701,1182.17023973,1238.99787406
1.56447544495,1182.06203517,1239.0154508
1.57048497865,1181.95899811,1239.03677828
1.57651759644,1181.86134137,1239.06206633
1.582573387,1181.76927803,1239.09152528
1.58865243933,1181.68302144,1239.12536607
1.5947548428,1181.60278517,1239.16380014
1.60088068709,1181.52878307,1239.20703951
1.60703006225,1181.46122921,1239.25529672
1.61320305867,1181.40033793,1239.30878488
1.61939976708,1181.34632382,1239.36771761
1.62562027856,1181.29940169,1239.43230908
1.63186468456,1181.25978663,1239.50277402
1.63813307685,1181.22769396,1239.57932768
1.64442554757,1181.20333924,1239.66218583
1.65074218922,1181.18693831,1239.75156482
1.65708309463,1181.17870725,1239.84768151
1.66344835701,1181.17886238,1239.95075331
1.66983806993,1181.18762029,1240.06099816
1.67625232731,1181.20519784,1240.17863456
1.68269122341,1181.23181215,1240.30388155
1.6891548529,1181.26768058,1240.43695872
1.69564331077,1181.31302081,1240.5780862
1.7021566924,1181.36805076,1240.72748468
1.70869509352,1181.43298864,1240.88537542
1.71525861025,1181.50805296,1241.05198023
1.72184733905,1181.59346251,1241.22752148
1.72846137677,1181.68943637,1241.41222212
1.73510082064,1181.79619394,1241.60630568
1.74176576823,1181.91395493,1241.80999626
1.74845631753,1182.04293937,1242.02351855
1.75517256686,1182.1833676,1242.24709785
1.76191461496,1182.33546031,1242.48096005
1.76868256091,1182.49943854,1242.72533163
1.7754765042,1182.67552366,1242.98043972
1.7822965447,1182.8639374,1243.24651204
1.78914278264,1183.0649019,1243.52377697
1.79601531866,1183.27863962,1243.81246351
1.80291425378,1183.50537345,1244.11280131
1.80983968939,1183.74532668,1244.4250207
1.81679172731,1183.99872298,1244.74935265
1.8237704697,1184.26578649,1245.08602883
1.83077601915,1184.54674174,1245.4352816
1.83780847864,1184.84181373,1245.79734401
1.84486795153,1185.15122791,1246.17244982
1.85195454159,1185.47521021,1246.56083354
1.85906835297,1185.81398704,1246.96273038
1.86620949025,1186.16778532,1247.37837634
1.87337805838,1186.53683245,1247.80800815
1.88057416275,1186.92135639,1248.25186333
1.88779790911,1187.32158563,1248.7101802
1.89504940366,1187.73774921,1249.18319788
1.90232875297,1188.17007676,1249.67115629
1.90963606405,1188.61879848,1250.17429623
1.9169714443,1189.08414518,1250.69285931
1.92433500155,1189.56634829,1251.22708802
1.93172684402,1190.06563988,1251.77722575
1.93914708038,1190.58225267,1252.34351678
1.94659581968,1191.11642005,1252.92620631
1.95407317141,1191.66837612,1253.52554047
1.96157924548,1192.23835566,1254.14176636
1.96911415223,1192.82659419,1254.77513205
1.9766780024,1193.43332799,1255.4258866
1.98427090717,1194.05879409,1256.09428009
1.99189297815,1194.7032303,1256.78056362
1.99954432737,1195.36687525,1257.48498936
2.00722506731,1196.04996839,1258.20781055
2.01493531084,1196.75275002,1258.94928153
2.02267517131,1197.47546131,1259.70965776
2.03044476249,1198.21834432,1260.48919583
2.03824419857,1198.981642,1261.2881535
2.04607359419,1199.76559828,1262.10678974
2.05393306444,1200.570458,1262.94536469
2.06182272485,1201.39646701,1263.80413976
2.06974269137,1202.24387215,1264.6833776
2.07769308042,1203.11292129,1265.58334217
2.08567400887,1204.00386336,1266.50429872
2.09368559403,1204.91694836,1267.44651383
2.10172795364,1205.85242738,1268.41025548
2.10980120593,1206.81055265,1269.39579301
2.11790546956,1207.79157755,1270.40339719
2.12604086366,1208.79575662,1271.43334023
2.13420750779,1209.82334563,1272.48589583
2.14240552201,1210.87460156,1273.56133918
2.15063502681,1211.94978266,1274.65994702
2.15889614316,1213.04914845,1275.78199763
2.16718899248,1214.17295978,1276.92777091
2.17551369667,1215.32147881,1278.09754837
2.18387037808,1216.49496911,1279.29161318
2.19225915956,1217.69369561,1280.5102502
2.20068016441,1218.91792468,1281.75374601
2.20913351639,1220.16792414,1283.02238895
2.21761933978,1221.44396331,1284.31646915
2.22613775929,1222.74631301,1285.63627853
2.23468890014,1224.07524561,1286.98211092
2.24327288802,1225.43103506,1288.354262
2.2518898491,1226.8139569,1289.75302939
2.26053991004,1228.22428833,1291.17871267
2.26922319799,1229.6623082,1292.63161342
2.27793984057,1231.12829709,1294.11203527
2.28668996592,1232.62253729,1295.6202839
2.29547370264,1234.14531288,1297.15666712
2.30429117984,1235.6969097,1298.72149489
2.31314252714,1237.27761548,1300.31507936
2.32202787463,1238.88771977,1301.93773489
2.33094735292,1240.52751405,1303.58977814
2.33990109312,1242.19729174,1305.27152807
2.34888922682,1243.89734822,1306.98330598
2.35791188615,1245.62798086,1308.72543559
2.36696920373,1247.38948912,1310.49824304
2.37606131268,1249.1821745,1312.30205695
2.38518834665,1251.00634062,1314.13720847
2.3943504398,1252.86229327,1316.00403133
2.40354772679,1254.75034042,1317.90286184
2.41278034282,1256.67079225,1319.83403901
2.42204842359,1258.62396123,1321.79790453
2.43135210532,1260.61016211,1323.79480285
2.44069152478,1262.62971201,1325.82508122
2.45006681924,1264.68293038,1327.88908973
2.45947812651,1266.77013914,1329.98718137
2.46892558491,1268.89166263,1332.11971208
2.47840933332,1271.04782771,1334.28704078
2.48792951113,1273.23896376,1336.48952945
2.49748625827,1275.46540276,1338.72754317
2.50707971523,1277.72747928,1341.00145015
2.516710023,1280.02553057,1343.31162181
2.52637732315,1282.35989658,1345.65843281
2.53608175776,1284.73091999,1348.04226114
2.54582346949,1287.13894627,1350.46348814
2.55560260152,1289.58432373,1352.92249855
2.5654192976,1292.06740353,1355.4196806
2.57527370201,1294.58853976,1357.95542604
2.58516595961,1297.14808946,1360.5301302
2.59509621579,1299.74641267,1363.14419207
2.60506461652,1302.38387247,1365.79801432
2.61507130832,1305.06083505,1368.49200338
2.62511643827,1307.77766969,1371.22656952
2.63520015404,1310.53474891,1374.00212686
2.64532260382,1313.3324484,1376.81909347
2.65548393642,1316.17114716,1379.67789144
2.66568430119,1319.05122748,1382.57894691
2.67592384806,1321.97307502,1385.52269013
2.68620272754,1324.93707887,1388.50955559
2.69652109071,1327.94363155,1391.53998198
2.70687908925,1330.9931291,1394.61441235
2.7172768754,1334.08597111,1397.73329414
2.72771460199,1337.22256077,1400.89707922
2.73819242245,1340.40330492,1404.106224
2.74871049079,1343.62861409,1407.36118949
2.75926896161,1346.89890258,1410.66244135
2.7698679901,1350.21458846,1414.01044996
2.78050773206,1353.57609366,1417.40569054
2.79118834387,1356.98384401,1420.84864315
2.80190998253,1360.43826928,1424.33979281
2.81267280564,1363.93980325,1427.87962957
2.82347697139,1367.48888372,1431.46864855
2.83432263858,1371.08595262,1435.10735008
2.84520996665,1374.73145602,1438.79623971
2.85613911561,1378.42584419,1442.5358283
2.86711024611,1382.16957167,1446.32663215
2.87812351941,1385.96309729,1450.16917302
2.88917909739,1389.80688425,1454.06397822
2.90027714256,1393.70140017,1458.01158071
2.91141781804,1397.64711713,1462.01251917
2.92260128759,1401.64451173,1466.0673381
2.93382771558,1405.69406515,1470.17658785
2.94509726704,1409.7962632,1474.34082478
2.95641010761,1413.95159638,1478.56061128
2.96776640357,1418.1605599,1482.83651588
2.97916632185,1422.4236538,1487.16911336
2.99061003,1426.74138295,1491.5589848
3.00209769625,1431.11425713,1496.0067177
3.01362948944,1435.54279109,1500.51290602
3.02520557907,1440.02750456,1505.07815034
3.0368261353,1444.56892238,1509.70305791
3.04849132894,1449.16757452,1514.38824274
3.06020133144,1453.8239961,1519.13432572
3.07195631494,1458.53872752,1523.94193467
3.0837564522,1463.31231446,1528.81170449
3.09560191669,1468.14530797,1533.74427722
3.10749288251,1473.03826449,1538.74030216
3.11942952445,1477.99174596,1543.80043593
3.13141201795,1483.00631984,1548.92534262
3.14344053915,1488.08255918,1554.11569386
3.15551526485,1493.22104266,1559.37216894
3.16763637253,1498.42235469,1564.69545489
3.17980404035,1503.68708542,1570.0862466
3.19201844717,1509.01583084,1575.54524692
3.20427977252,1514.40919282,1581.07316678
3.21658819663,1519.86777916,1586.67072527
3.22894390041,1525.39220365,1592.33864978
3.24134706547,1530.98308617,1598.07767608
3.25379787414,1536.64105268,1603.88854846
3.26629650941,1542.36673533,1609.7720198
3.27884315501,1548.16077252,1615.72885175
3.29143799535,1554.02380892,1621.75981476
3.30408121555,1559.95649557,1627.86568828
3.31677300147,1565.95948992,1634.0472608
3.32951353964,1572.03345589,1640.30533004
3.34230301735,1578.17906393,1646.64070299
3.35514162257,1584.3969911,1653.0541961
3.36802954403,1590.68792107,1659.54663538
3.38096697115,1597.05254427,1666.11885649
3.3939540941,1603.49155787,1672.77170491
3.40699110377,1610.00566587,1679.50603603
3.42007819179,1616.59557915,1686.32271531
3.43321555053,1623.26201557,1693.22261836
3.44640337308,1630.00569996,1700.20663111
3.45964185329,1636.82736423,1707.27564994
3.47293118575,1643.7277474,1714.43058177
3.48627156579,1650.7075957,1721.67234424
3.4996631895,1657.76766256,1729.0018658
3.51310625373,1664.90870874,1736.42008589
3.52660095605,1672.13150233,1743.92795503
3.54014749484,1679.43681884,1751.52643499
3.5537460692,1686.82544125,1759.21649893
3.56739687902,1694.29816007,1766.99913151
3.58110012495,1701.85577338,1774.87532905
3.5948560084,1709.49908691,1782.84609967
3.60866473158,1717.22891408,1790.91246344
3.62252649744,1725.04607604,1799.07545251
3.63644150975,1732.95140177,1807.33611128
3.65040997303,1740.94572809,1815.69549651
3.6644320926,1749.02989975,1824.15467751
3.67850807457,1757.20476944,1832.71473624
3.69263812584,1765.47119788,1841.37676753
3.7068224541,1773.83005385,1850.14187916
3.72106126784,1782.28221428,1859.01119205
3.73535477635,1790.82856424,1867.98584043
3.74970318973,1799.46999703,1877.06697195
3.76410671889,1808.20741422,1886.2557479
3.77856557554,1817.04172572,1895.55334328
3.79307997219,1825.97384978,1904.96094706
3.80765012221,1835.00471308,1914.47976227
3.82227623974,1844.13525077,1924.11100619
3.83695853977,1853.36640648,1933.8559105
3.85169723812,1862.69913243,1943.71572146
3.86649255142,1872.1343894,1953.69170007
3.88134469714,1881.67314682,1963.78512223
3.8962538936,1891.31638282,1973.99727892
3.91122035994,1901.06508422,1984.32947635
3.92624431614,1910.92024661,1994.78303616
3.94132598304,1920.88287438,2005.35929557
3.95646558232,1930.95398076,2016.05960755
3.97166333652,1941.13458785,2026.885341
3.98691946901,1951.42572664,2037.83788095
4.00223420405,1961.82843706,2048.91862869
4.01760776674,1972.34376804,2060.12900198
4.03304038305,1982.97277748,2071.47043522
4.04853227982,1993.71653232,2082.94437961
4.06408368477,2004.57610855,2094.55230337
4.07969482648,2015.55259124,2106.2956919
4.09536593441,2026.64707459,2118.17604795
4.1110972389,2037.86066191,2130.19489183
4.12688897119,2049.19446565,2142.35376155
4.1427413634,2060.64960746,2154.65421308
4.15865464853,2072.22721814,2167.09782046
4.1746290605,2083.92843772,2179.68617602
4.19066483409,2095.75441544,2192.42089059
4.20676220502,2107.70630973,2205.30359363
4.2229214099,2119.78528831,2218.33593349
4.23914268625,2131.99252811,2231.51957755
4.25542627249,2144.32921531,2244.85621241
4.27177240798,2156.79654533,2258.34754413
4.28818133299,2169.39572287,2271.99529837
4.3046532887,2182.12796184,2285.80122061
4.32118851723,2194.99448542,2299.76707632
4.33778726162,2207.99652602,2313.8946512
4.35444976586,2221.13532527,2328.18575133
4.37117627487,2234.41213401,2342.64220338
4.38796703449,2247.82821229,2357.2658548
4.40482229154,2261.38482933,2372.05857404
4.42174229377,2275.08326353,2387.02225071
4.43872728987,2288.9248024,2402.15879581
4.4557775295,2302.91074257,2417.4701419
4.47289326329,2317.04238976,2432.95824331
4.4900747428,2331.32105873,2448.62507634
4.50732222059,2345.74807325,2464.47263945
4.52463595017,2360.32476607,2480.50295346
4.54201618602,2375.05247884,2496.71806174
4.55946318363,2389.93256213,2513.12003042
4.57697719943,2404.96637532,2529.71094857
4.59455849086,2420.15528659,2546.49292843
4.61220731633,2435.50067281,2563.46810555
4.62992393528,2451.00391953,2580.63863903
4.6477086081,2466.66642092,2598.00671171
4.6655615962,2482.48957962,2615.57453035
4.68348316201,2498.47480679,2633.34432583
4.70147356895,2514.62352192,2651.31835336
4.71953308146,2530.93715281,2669.49889263
4.73766196497,2547.41713548,2687.88824806
4.75586048597,2564.06491406,2706.48874892
4.77412891196,2580.88194072,2725.3027496
4.79246751144,2597.86967555,2744.33262973
4.81087655398,2615.02958646,2763.58079441
4.82935631017,2632.36314908,2783.04967437
4.84790705163,2649.87184665,2802.74172617
4.86652905104,2667.55716989,2822.65943237
4.88522258211,2685.42061689,2842.80530174
4.90398791961,2703.46369294,2863.1818694
4.92282533938,2721.68791048,2883.79169703
4.9417351183,2740.09478888,2904.63737301
4.96071753431,2758.68585433,2925.72151264
4.97977286643,2777.4626397,2947.04675827
4.99890139476,2796.42668437,2968.6157795
5.01810340045,2815.57953406,2990.43127333
5.03737916575,2834.92274069,3012.49596432
5.056728974,2854.45786218,3034.81260476
5.0761531096,2874.1864623,3057.38397484
5.09565185806,2894.11011046,3080.21288277
5.115225506,2914.23038154,3103.30216496
5.13487434112,2934.54885566,3126.65468619
5.15459865224,2955.06711803,3150.27333969
5.17439872926,2975.78675869,3174.16104735
5.19427486324,2996.70937233,3198.32075981
5.21422734632,3017.83655803,3222.75545662
5.23425647178,3039.16991907,3247.46814638
5.25436253401,3060.71106267,3272.46186682
5.27454582857,3082.46159977,3297.73968498
5.2948066521,3104.42314473,3323.30469728
5.31514530243,3126.59731514,3349.16002966
5.33556207849,3148.9857315,3375.30883767
5.3560572804,3171.59001698,3401.75430659
5.3766312094,3194.41179714,3428.49965151
5.39728416791,3217.45269962,3455.54811744
5.4180164595,3240.71435388,3482.90297936
5.43882838889,3264.19839087,3510.56754237
5.45972026202,3287.90644274,3538.54514167
5.48069238594,3311.84014252,3566.8391427
5.50174506894,3336.00112379,3595.45294118
5.52287862045,3360.39102033,3624.38996316
5.54409335112,3385.01146584,3653.65366505
5.56538957276,3409.86409354,3683.24753371
5.58676759842,3434.9505358,3713.17508644
5.60822774231,3460.27242384,3743.43987099
5.62977031987,3485.83138729,3774.04546565
5.65139564776,3511.62905388,3804.99547918
5.67310404383,3537.66704896,3836.29355087
5.69489582717,3563.9469952,3867.94335048
5.7167713181,3590.47051211,3899.94857828
5.73873083814,3617.23921567,3932.31296497
5.76077471009,3644.25471787,3965.04027168
5.78290325795,3671.51862634,3998.13428993
5.80511680699,3699.03254383,4031.59884153
5.82741568372,3726.79806782,4065.43777858
5.8498002159,3754.81679005,4099.65498335
5.87227073256,3783.09029603,4134.25436821
5.89482756397,3811.62016462,4169.23987551
5.91747104171,3840.40796747,4204.61547753
5.9402014986,3869.4552686,4240.38517629
5.96301926874,3898.76362385,4276.55300348
5.98592468753,3928.33458041,4313.12302027
6.00891809165,3958.16967626,4350.09931719
6.03199981907,3988.27043968,4387.48601393
6.05517020907,4018.6383887,4425.2872592
6.07842960221,4049.27503053,4463.50723048
6.10177834038,4080.18186106,4502.15013387
6.12521676679,4111.36036427,4541.22020383
6.14874522593,4142.81201162,4580.72170296
6.17236406365,4174.53826156,4620.65892172
6.19607362712,4206.54055887,4661.03617823
6.21987426483,4238.82033408,4701.85781791
6.24376632663,4271.37900287,4743.12821325
6.26775016369,4304.21796548,4784.85176345
6.29182612855,4337.33860606,4827.03289411
6.3159945751,4370.74229203,4869.67605691
6.34025585857,4404.43037347,4912.78572919
6.36461033558,4438.40418249,4956.36641363
6.3890583641,4472.66503251,5000.42263782
6.4136003035,4507.21421767,5044.95895386
6.4382365145,4542.05301211,5089.9799379
6.46296735923,4577.18266934,5135.49018974
6.48779320119,4612.60442149,5181.49433232
6.5127144053,4648.3194787,5227.99701122
6.53773133787,4684.32902836,5275.00289421
6.5628443666,4720.63423441,5322.51667066
6.58805386064,4757.23623665,5370.543051
6.61336019052,4794.13615003,5419.0867662
6.63876372821,4831.33506389,5468.15256713
6.66426484713,4868.83404122,5517.74522394
6.68986392209,4906.63411799,5567.86952547
6.71556132937,4944.73630233,5618.53027857
6.7413574467,4983.14157382,5669.73230743
6.76725265323,5021.85088272,5721.48045286
6.7932473296,5060.86514923,5773.77957158
6.8193418579,5100.18526269,5826.63453549
6.84553662168,5139.81208085,5880.05023085
6.87183200596,5179.74642907,5934.03155756
6.89822839726,5219.98909953,5988.58342826
6.92472618358,5260.54085049,6043.71076753
6.95132575438,5301.40240547,6099.41851104
6.97802750066,5342.57445246,6155.71160461
7.00483181489,5384.05764317,6212.5950033
7.03173909106,5425.85259218,6270.07367049
7.05874972468,5467.95987616,6328.15257689
7.08586411276,5510.38003311,6386.83669955
7.11308265385,5553.11356151,6446.13102081
7.14040574803,5596.16091955,6506.04052728
7.16783379692,5639.52252431,6566.57020875
7.19536720366,5683.19875099,6627.72505704
7.22300637297,5727.18993206,6689.51006496
7.2507517111,5771.49635651,6751.93022503
7.27860362588,5816.11826901,6814.99052838
7.30656252669,5861.05586914,6878.69596348
7.33462882449,5906.30931058,6943.05151492
7.36280293182,5951.87870032,7008.06216208
7.39108526281,5997.76409787,7073.73287789
7.41947623316,6043.96551447,7140.06862743
7.44797626019,6090.48291233,7207.07436661
7.47658576281,6137.3162038,7274.75504074
7.50530516154,6184.46525065,7343.11558311
7.53413487853,6231.92986328,7412.16091354
7.56307533752,6279.70979995,7481.89593688
7.59212696391,6327.80476605,7552.32554151
7.62129018472,6376.21441331,7623.45459775
7.65056542861,6424.93833911,7695.28795634
7.67995312589,6473.97608573,7767.83044676
7.70945370852,6523.32713961,7841.08687564
7.73906761011,6572.99093064,7915.06202507
7.76879526597,6622.96683152,7989.76065088
7.79863711303,6673.25415696,8065.18748094
7.82859358995,6723.85216309,8141.34721335
7.85866513704,6774.76004677,8218.24451469
7.88885219631,6825.97694492,8295.88401813
7.91915521147,6877.50193389,8374.27032165
7.94957462795,6929.33402882,8453.40798609
7.98011089286,6981.47218308,8533.30153324
8.01076445505,7033.91528759,8613.95544392
8.04153576509,7086.66217034,8695.37415595
8.07242527528,7139.71159573,8777.56206219
8.10343343964,7193.06226412,8860.52350847
8.13456071397,7246.71281123,8944.2627915
8.16580755578,7300.66180769,9028.78415683
8.19717442438,7354.9077585,9114.09179665
8.2286617808,7409.44910262,9200.18984768
8.26027008789,7464.28421252,9287.08238897
8.29199981022,7519.4113937,9374.77343967
8.3238514142,7574.82888438,9463.26695682
8.355825368,7630.53485506,9552.56683302
8.3879221416,7686.52740822,9642.6768942
8.42014220677,7742.80457796,9733.60089726
8.4524860371,7799.36432972,9825.34252771
8.48495410802,7856.20456002,9917.90539734
8.51754689676,7913.3230962,10011.2930417
8.55026488239,7970.71769623,10105.508918
8.58310854582,8028.38604851,10200.556402
8.61607836982,8086.32577171,10296.4387864
8.64917483899,8144.53441468,10393.1592777
8.68239843982,8203.00945633,10490.7209938
8.71574966063,8261.7483056,10589.1269618
8.74922899167,8320.74830138,10688.380115
8.78283692502,8380.00671262,10788.4832906
8.81657395468,8439.52073826,10889.439227
8.85044057654,8499.2875074,10991.2505612
8.8844372884,8559.30407937,11093.9198262
8.91856458997,8619.56744392,11197.4494485
8.95282298286,8680.07452135,11301.841745
8.98721297064,8740.82216281,11407.0989207
9.0217350588,8801.80715055,11513.2230662
9.05638975476,8863.0261982,11620.2161543
9.0911775679,8924.47595116,11728.080038
9.12609900955,8986.15298697,11836.8164476
9.16115459303,9048.05381574,11946.4269875
9.1963448336,9110.17488065,12056.9131343
9.2316702485,9172.51255848,12168.2762335
9.26713135699,9235.06316011,12280.5174967
9.30272868028,9297.82293121,12393.6379992
9.33846274162,9360.78805284,12507.6386772
9.37433406625,9423.9546422,12622.5203249
9.41034318144,9487.31875332,12738.2835918
9.44649061646,9550.87637789,12854.9289802
9.48277690263,9614.6234461,12972.456842
9.51920257333,9678.55582754,13090.8673765
9.55576816397,9742.66933212,13210.1606273
9.59247421199,9806.95971104,13330.3364799
9.62932125695,9871.4226579,13451.3946589
9.66630984044,9936.0538097,13573.334725
9.70344050614,10000.8487481,13696.1560731
9.74071379984,10065.8030003,13819.8579288
9.77813026939,10130.9120409,13944.4393464
9.81569046478,10196.1712924,14069.8992059
9.85339493808,10261.5761273,14196.236211
9.89124424351,10327.1218689,14323.4488857
9.9292389374,10392.803793,14451.5355726
9.96737957822,10458.6171296,14580.4944298
10.0056667266,10524.557064,14710.3234289
10.0441009453,10590.6187389,14841.0203523
10.0826827992,10656.7972555,14972.5827909
10.1214128555,10723.087676,15105.0081417
10.1602916835,10789.4850244,15238.2936055
10.1993198546,10855.9842891,15372.4361849
10.2384979424,10922.5804246,15507.4326815
10.2778265229,10989.2683529,15643.2796945
10.3173061741,11056.0429665,15779.9736178
10.3569374763,11122.8991293,15917.5106385
10.396721012,11189.8316796,16055.8867346
10.4366573661,11256.8354316,16195.0976731
10.4767471255,11323.9051781,16335.1390084
10.5169908795,11391.0356925,16476.0060798
10.5573892196,11458.2217309,16617.6940104
10.5979427396,11525.4580349,16760.197705
10.6386520357,11592.7393338,16903.5118489
10.6795177061,11660.0603468,17047.6309056
10.7205403516,11727.4157859,17192.549116
10.7617205751,11794.8003584,17338.2604969
10.803058982,11862.2087693,17484.7588393
10.8445561798,11929.635724,17632.0377075
10.8862127786,11997.0759313,17780.0904378
10.9280293905,12064.5241059,17928.9101375
10.9700066303,12131.9749711,18078.4896839
11.012145115,12199.423262,18228.8217234
11.0544454639,12266.8637281,18379.8986706
11.0969082988,12334.2911365,18531.7127078
11.1395342439,12401.7002747,18684.2557844
11.1823239257,12469.0859537,18837.5196163
11.2252779731,12536.4430112,18991.4956853
11.2683970176,12603.7663146,19146.1752395
11.3116816929,12671.0507641,19301.5492924
11.3551326352,12738.2912964,19457.6086232
11.3987504833,12805.4828871,19614.343777
11.4425358782,12872.6205549,19771.7450645
11.4864894635,12939.6993644,19929.8025627
11.5306118854,13006.7144296,20088.5061155
11.5749037922,13073.6609175,20247.8453335
11.6193658352,13140.5340512,20407.8095955
11.6639986677,13207.3291137,20568.3880486
11.7088029459,13274.0414514,20729.5696098
11.7537793284,13340.6664775,20891.3429664
11.7989284761,13407.1996758,21053.6965779
11.8442510528,13473.636604,21216.6186767
11.8897477246,13539.9728979,21380.0972699
11.9354191603,13606.2042747,21544.1201409
11.9812660311,13672.3265365,21708.6748511
12.027289011,13738.3355749,21873.7487418
12.0734887765,13804.2273737,22039.3289362
12.1198660066,13869.9980136,22205.402342
12.166421383,13935.6436757,22371.955653
12.21315559,14001.160645,22538.9753524
12.2600693146,14066.545315,22706.4477147
12.3071632463,14131.794191,22874.3588092
12.3544380773,14196.9038943,23042.6945026
12.4018945025,14261.8711661,23211.4404619
12.4495332195,14326.6928715,23380.5821581
12.4973549285,14391.3660035,23550.1048695
12.5453603324,14455.8876868,23719.9936853
12.5935501368,14520.2551821,23890.233509
12.6419250501,14584.4658899,24060.8090629
12.6904857833,14648.5173548,24231.7048918
12.7392330501,14712.4072694,24402.9053671
12.7881675672,14776.1334783,24574.3946917
12.8372900537,14839.6939826,24746.1569041
12.8866012317,14903.0869434,24918.1758833
12.9361018261,14966.3106865,25090.4353535
12.9857925644,15029.363706,25262.9188896
13.035674177,15092.2446692,25435.6099217
13.0857473971,15154.9524198,25608.4917412
13.1360129607,15217.4859828,25781.5475059
13.1864716066,15279.8445683,25954.7602456
13.2371240766,15342.027576,26128.1128682
13.2879711152,15404.0345991,26301.5881658
13.3390134696,15465.8654286,26475.1688205
13.3902518903,15527.5200574,26648.8374108
13.4416871303,15588.998685,26822.5764186
13.4933199457,15650.3017211,26996.3682349
13.5451510954,15711.4297902,27170.1951676
13.5971813412,15772.3837358,27344.0394477
13.649411448,15833.1646246,27517.8832365
13.7018421834,15893.773751,27691.7086334
13.7544743181,15954.212641,27865.4976824
13.8073086257,16014.4830568,28039.2323805
13.8603458829,16074.5870011,28212.8946848
13.9135868692,16134.5267211,28386.4665204
13.9670323671,16194.3047135,28559.9297886
14.0206831623,16253.923728,28733.2663748
14.0745400434,16313.3867725,28906.4581568
14.1286038019,16372.6971169,29079.487013
14.1828752326,16431.8582978,29252.3348311
14.2373551332,16490.874123,29424.9835167
14.2920443044,16549.7486756,29597.4150017
14.3469435502,16608.4863189,29769.6112536
14.4020536774,16667.0917008,29941.5542841
14.4573754961,16725.5697581,30113.2261586
14.5129098195,16783.9257214,30284.6090048
14.5686574638,16842.1651197,30455.6850226
14.6246192485,16900.2937847,30626.4364929
14.6807959961,16958.317856,30796.8457877
14.7371885324,17016.2437855,30966.8953793
14.7937976862,17074.0783423,31136.5678499
14.8506242897,17131.8286176,31305.8459018
14.9076691781,17189.5020295,31474.7123668
14.9649331899,17247.1063279,31643.1502164
15.0224171668,17304.6495999,31811.1425715
15.0801219537,17362.1402745,31978.672713
15.1380483989,17419.587128,32145.7240912
15.1961973538,17476.999289,32312.2803368
15.254569673,17534.3862441,32478.3252705
15.3131662147,17591.757843,32643.8429136
15.37198784,17649.1243043,32808.8174984
15.4310354136,17706.4962209,32973.2334783
15.4903098034,17763.8845659,33137.0755386
15.5498118806,17821.3006983,33300.3286068
15.60954252,17878.7563692,33462.9778631
15.6695025993,17936.2637277,33625.0087507
15.729693,17993.8353271,33786.406987
15.7901146069,18051.4841316,33947.1585733
15.8507683079,18109.2235225,34107.2498061
15.9116549946,18167.0673051,34266.6672872
15.972775562,18225.0297156,34425.3979345
16.0341309086,18283.125428,34583.4289926
16.095721936,18341.3695616,34740.7480432
16.1575495497,18399.7776881,34897.3430158
16.2196146584,18458.3658397,35053.2021983
16.2819181744,18517.1505166,35208.3142473
16.3444610134,18576.1486954,35362.6681988
16.4072440949,18635.3778374,35516.2534787
16.4702683415,18694.8558973,35669.0599129
16.5335346798,18754.6013317,35821.0777382
16.5970440395,18814.6331091,35972.2976123
16.6607973543,18874.9707187,36122.7106242
16.7247955612,18935.6341806,36272.3083047
16.7890396009,18996.6440556,36421.0826363
16.8535304177,19058.0214564,36569.0260634
16.9182689595,19119.7880576,36716.1315028
16.9832561779,19181.9661075,36862.3923532
17.0484930282,19244.5784399,37007.8025056
17.1139804692,19307.6484856,37152.3563532
17.1797194635,19371.2002856,37296.0488009
17.2457109774,19435.2585034,37438.8752754
17.3119559809,19499.8484391,37580.831735
17.3784554477,19564.996043,37721.9146789
17.4452103552,19630.7279303,37862.1211569
17.5122216848,19697.0713962,38001.4487792
17.5794904212,19764.0544311,38139.8957251
17.6470175534,19831.7057376,38277.4607532
17.7148040738,19900.0547467,38414.1432099
17.7828509789,19969.1316359,38549.9430388
17.8511592688,20038.9673469,38684.8607901
17.9197299476,20109.5936051,38818.8976291
17.9885640232,20181.042939,38952.0553453
18.0576625073,20253.3487008,39084.3363616
18.1270264157,20326.5450877,39215.7437423
18.1966567678,20400.6671643,39346.2812025
18.2665545872,20475.7508856,39475.9531164
18.3367209013,20551.8331208,39604.7645255
18.4071567413,20628.9516788,39732.7211478
18.4778631427,20707.1453339,39859.8293856
18.5488411447,20786.4538533,39986.0963338
18.6200917907,20866.9180249,40111.5297885
18.6916161278,20948.5796872,40236.138255
18.7634152074,21031.4817598,40359.9309558
18.8354900849,21115.6682753,40482.9178389
18.9078418197,21201.1844125,40605.1095858
18.9804714752,21288.0765313,40726.5176192
19.053380119,21376.392209,40847.1541114
19.1265688228,21466.1802776,40967.0319919
19.2000386623,21557.4908632,41086.1649554
19.2737907176,21650.3754271,41204.5674697
19.3478260725,21744.8868084,41322.2547834
19.4221458154,21841.0792685,41439.2429341
19.4967510386,21939.0085377,41555.5487559
19.5716428388,22038.7318635,41671.1898877
19.6468223168,22140.3080611,41786.1847806
19.7222905775,22243.797566,41900.5527064
19.7980487304,22349.2624893,42014.3137651
19.8740978889,22456.7666751,42127.4888933
19.9504391708,22566.3757599,42240.0998723
20.0270736983,22678.1572356,42352.1693359
20.1040025979,22792.1805146,42463.7207794
20.1812270002,22908.5169978,42574.7785673
20.2587480403,23027.2401459,42685.3679421
20.3365668578,23148.4255537,42795.515033
20.4146845964,23272.1510274,42905.2468649
20.4931024044,23398.4966659,43014.5913667
20.5718214345,23527.5449456,43123.5773812
20.6508428436,23659.3808084,43232.234674
20.7301677933,23794.0917546,43340.5939432
20.8097974496,23931.7679391,43448.6868291
20.889732983,24072.5022728,43556.5459243
20.9699755683,24216.3905279,43664.2047843
21.050526385,24363.5314486,43771.6979377
21.1313866172,24514.0268661,43879.0608971
21.2125574534,24667.9818199,43986.330171
21.2940400866,24825.504684,44093.5432747
21.3758357147,24986.7072988,44200.7387427
21.4579455397,25151.7051099,44307.9561413
21.5403707688,25320.617313,44415.236081
21.6231126133,25493.5670048,44522.6202301
21.7061722896,25670.6813428,44630.1513287
21.7895510184,25852.0917109,44737.8732027
21.8732500254,26037.9338936,44845.8307791
21.9572705408,26228.3482591,44954.0701009
22.0416137995,26423.4799497,45062.6383439
22.1262810414,26623.479083,45171.583833
22.211273511,26828.5009616,45280.9560598
22.2965924574,27038.7062939,45390.8057005
22.3822391349,27254.2614244,45501.1846354
22.4682148022,27475.3385772,45612.1459679
22.5545207231,27702.1161096,45723.7440456
22.6411581662,27934.7787793,45836.0344813
22.728128405,28173.5180248,45949.0741756
22.8154327178,28418.5322594,46062.9213403
22.9030723879,28670.0271806,46177.6355224
22.9910487034,28928.2160942,46293.2776298
23.0793629575,29193.3202559,46409.9099576
23.1680164484,29465.5692295,46527.5962158
23.257010479,29745.2012635,46646.4015582
23.3463463575,30032.4636881,46766.3926127
23.436025397,30327.613331,46887.6375125
23.5260489156,30630.9169566,47010.2059291
23.6164182367,30942.6517267,47134.169107
23.7071346885,31263.1056868,47259.5998988
23.7981996045,31592.5782766,47386.5728035
23.8896143231,31931.3808692,47515.1640049
23.981380188,32279.8373377,47645.4514132
24.0734985481,32638.284653,47777.5147068
24.1659707574,33007.0735139,47911.4353778
24.2587981752,33386.5690113,48047.2967779
24.3519821658,33777.1513281,48185.184167
24.445524099,34179.2164785,48325.1847648
24.5394253496,34593.1770876,48467.3878027
24.633687298,35019.463214,48611.88458
24.7283113296,35458.523219,48758.7685216
24.8232988354,35910.8246839,48908.1352381
24.9186512114,36376.8553796,49060.0825893
25.0143698593,36857.1242912,49214.7107498
25.110456186,37352.1627007,49372.1222781
25.2069116038,37862.5253324,49532.4221883
25.3037375305,38388.7915641,49695.718025
25.4009353893,38931.5667088,49862.119942
25.498506609,39491.4833716,50031.740784
25.5964526236,40069.2028859,50204.6961722
25.6947748729,40665.4168346,50381.1045933
25.793474802,41280.8486622,50561.0874931
25.8925538617,41916.2553826,50744.7693738
25.9920135085,42572.4293909,50932.2778955
26.091855204,43250.2003835,51123.7439825
26.1920804161,43950.437396,51319.3019346
26.2926906177,44674.0509659,51519.0895426
26.3936872878,45421.9954286,51723.2482094
26.4950719108,46195.2713556,51931.9230769
26.5968459771,46994.9281448,52145.2631576
26.6990109824,47822.066774,52363.421473
26.8015684286,48677.8427277,52586.5551976
26.9045198231,49563.4691102,52814.8258098
27.0078666792,50480.2199574,53048.3992494
27.1116105158,51429.4337623,53287.446082
27.215752858,52412.5172285,53532.1416712
27.3202952364,53430.9492675,53782.6663586
27.4252391877,54486.2852593,54039.2056513
27.5305862545,55580.1615927,54301.9504188
27.6363379852,56714.3005079,54571.0970985
27.7424959342,57890.5152622,54846.8479105
27.8490616619,59110.7156426,55129.4110825
27.9560367347,60376.9138517,55419.0010844
28.0634227249,61691.2307939,55715.8388752
28.1712212111,63055.9027921,56020.1521593
28.2794337777,64473.2887682,56332.1756564
28.3880620153,65945.8779205,56652.1513831
28.4971075206,67476.2979381,56980.3289482
28.6065718964,69067.3237924,57316.9658609
28.7164567517,70721.8871497,57662.3278548
28.8267637016,72443.0864552,58016.6892262
28.9374943676,74234.1977379,58380.333189
29.0486503772,76098.6861956,58753.5522461
29.1602333644,78040.2186212,59136.6485792
29.2722449691,80062.6767353,59529.9344563
29.3846868378,82170.1715013,59933.73266
29.4975606234,84367.0584985,60348.3769355
29.6108679848,86657.9544418,60774.2124614
29.7246105875,89047.7549398,61211.5963425
